Question #,Question,Type,Option 1,Option 2,Required
1,Teknik yazılardan hoşlanırım,Multiple choice,Evet,Hayır,TRUE
2,İştahım iyidir,Multiple choice,Evet,Hayır,TRUE
3,Çok defa sabahları dinç ve dinlenmiş olarak uyanırım,Multiple choice,Evet,Hayır,TRUE
4,Kütüphaneci olarak çalışmayı seveceğimi sanıyorum,Multiple choice,Evet,Hayır,TRUE
5,Gürültüden kolayca uyanırım,Multiple choice,Evet,Hayır,TRUE
6,Cinayet haberlerini okumaktan hoşlanırım,Multiple choice,Evet,Hayır,TRUE
7,Çoğu zaman el ve ayaklarımın sıcaklığı iyidir,Multiple choice,Evet,Hayır,TRUE
8,Günlük hayatım beni ilgilendirecek şeylerle doludur,Multiple choice,Evet,Hayır,TRUE
9,Bugün de hemen hemen eskisi kadar iyi çalışabiliyorum,Multiple choice,Evet,Hayır,TRUE
10,Çoğu zaman boğazım tıkanır gibi olur,Multiple choice,Evet,Hayır,TRUE
11,İnsan rüyalarını anlamaya çalışmalı ve kendini onlara göre ayarlamalıdır,Multiple choice,Evet,Hayır,TRUE
12,Polis romanlarından ya da esrarengiz romanlardan hoşlanırım,Multiple choice,Evet,Hayır,TRUE
13,Büyük bir sinir gerginliği içinde çalışırım,Multiple choice,Evet,Hayır,TRUE
14,Ayda bir iki defa ishal olurum,Multiple choice,Evet,Hayır,TRUE
15,Ara sıra söylenemeyecek kadar ayıp şeyler düşünürüm,Multiple choice,Evet,Hayır,TRUE
16,Hayatta kötülükler hep beni bulur,Multiple choice,Evet,Hayır,TRUE
17,Babam iyi bir adamdır,Multiple choice,Evet,Hayır,TRUE
18,Pek seyrek kabız olurum,Multiple choice,Evet,Hayır,TRUE
19,Yeni bir işe girince kimin gözüne girme gerektiğini öğrenmek isterim,Multiple choice,Evet,Hayır,TRUE
20,Cinsel yaşamımdan memnunum,Multiple choice,Evet,Hayır,TRUE
21,Zaman zaman evi bırakıp gitmek istemişimdir,Multiple choice,Evet,Hayır,TRUE
22,Ara sıra kontrol edemediğim gülme ve ağlama nöbetlerine tutulurum,Multiple choice,Evet,Hayır,TRUE
23,Tekrarlanan mide bulantısı ve kusmalar bana sıkıntı verir,Multiple choice,Evet,Hayır,TRUE
24,Kimse beni anlamıyor,Multiple choice,Evet,Hayır,TRUE
25,Şarkici olmayı isterim,Multiple choice,Evet,Hayır,TRUE
26,Başım derde girince susmayı tercih ederim,Multiple choice,Evet,Hayır,TRUE
27,Bazen kötü ruhların beni etkileri altına aldıklarını hissederim,Multiple choice,Evet,Hayır,TRUE
28,Kötülüğe kötülükle karşılık vermem prensibimdir,Multiple choice,Evet,Hayır,TRUE
29,Çoğu kez midem ekşir,Multiple choice,Evet,Hayır,TRUE
30,Bazen canim küfretmek ister,Multiple choice,Evet,Hayır,TRUE
31,Sık sık geceleri kabus geçiririm,Multiple choice,Evet,Hayır,TRUE
32,Zihnimi bir iş üzerinde toplamada güçlük çekerim,Multiple choice,Evet,Hayır,TRUE
33,Başımdan çok garip ve tuhaf şeyler geçti,Multiple choice,Evet,Hayır,TRUE
34,Çoğu zaman öksürüğüm vardır,Multiple choice,Evet,Hayır,TRUE
35,Başkaları engel olmasaydı daha çok başarılı olurdum,Multiple choice,Evet,Hayır,TRUE
36,Sağlığım beni pek kaygılandırmaz,Multiple choice,Evet,Hayır,TRUE
37,Cinsel yaşamım yüzünden başım hiç derde girmedi,Multiple choice,Evet,Hayır,TRUE
38,Gençliğimde bir devre ufak tefek şeyler çaldım,Multiple choice,Evet,Hayır,TRUE
39,Bazen içimde bir şeyler kırmak isteği geçer,Multiple choice,Evet,Hayır,TRUE
40,Başka bir şey yapmaktansa çoğu zaman oturup hayal kurmayı severim,Multiple choice,Evet,Hayır,TRUE
41,"Kendimi toparlayamadığım için günler, haftalar, hatta aylarca hiçbir şeye el sürmediğim olur",Multiple choice,Evet,Hayır,TRUE
42,Ailem seçtiğim veya seçmek istediğim mesleği beğenmiyor,Multiple choice,Evet,Hayır,TRUE
43,Kuşkulu ve rahatsız uyurum,Multiple choice,Evet,Hayır,TRUE
44,Çoğu zaman başımın her tarafı ağrır,Multiple choice,Evet,Hayır,TRUE
45,Her zaman doğruyu söylemem,Multiple choice,Evet,Hayır,TRUE
46,Şimdi her zamankinden daha iyi düşünüp tartabiliyorum,Multiple choice,Evet,Hayır,TRUE
47,Ortada hiç bir neden yokken haftada bir ya da daha sık birdenbire her yanımı ateş basar,Multiple choice,Evet,Hayır,TRUE
48,Başkaları ile bir arada iken kulağıma çok garip şeyler gelmesinden rahatsız olurum 3,Multiple choice,Evet,Hayır,TRUE
49,Kanunların hemen hepsi kaldırılsa daha iyi olur,Multiple choice,Evet,Hayır,TRUE
50,Bazen ruhum vücudumdan ayrılır,Multiple choice,Evet,Hayır,TRUE
51,Sağlığım bir çok arkadaşımınki kadar iyidir,Multiple choice,Evet,Hayır,TRUE
52,Uzun zamandan beri görmediğim okul arkadaşlarım ya da tanıdıklarım önce benimle konuşmazlarsa onları görmemezlikten gelmeyi tercih ederim,Multiple choice,Evet,Hayır,TRUE
53,Hocaların dua okuyup üflemesi hastalığı iyileştirir,Multiple choice,Evet,Hayır,TRUE
54,Tanıdıklarımın çoğu beni sever,Multiple choice,Evet,Hayır,TRUE
55,Kalp ve göğüs ağrılarından hemen hemen hiç şikayetim yoktur,Multiple choice,Evet,Hayır,TRUE
56,Çocukken okuldan kaçtığım için bir iki defa cezalandırıldım,Multiple choice,Evet,Hayır,TRUE
57,İnsanlarla çabucak kaynaşırım,Multiple choice,Evet,Hayır,TRUE
58,Kuran' ın buyurdukları bir bir çıkmaktadır,Multiple choice,Evet,Hayır,TRUE
59,Çok defa benden az bilenlerden emir alarak çalışmak zorunda kaldım,Multiple choice,Evet,Hayır,TRUE
60,Her gün gazetelerin baş yazılarını okumam,Multiple choice,Evet,Hayır,TRUE
61,Gerektiği gibi bir hayat yaşayamadım,Multiple choice,Evet,Hayır,TRUE
62,"Vücudumun bazı yerlerinde çok defa yanma, gıdıklanma, karıncalanma veya uyuşukluk hissederim",Multiple choice,Evet,Hayır,TRUE
63,Büyük abdest yapmada ya da tutmada hiç bir güçlük çekmem,Multiple choice,Evet,Hayır,TRUE
64,Bazen başkalarının sabrını tüketecek kadar bir şeye saplanır kalırım,Multiple choice,Evet,Hayır,TRUE
65,Babamı severim,Multiple choice,Evet,Hayır,TRUE
66,"Etrafımda başkalarının görmediği eşya, hayvanlar veya insanlar görürüm",Multiple choice,Evet,Hayır,TRUE
67,Başkalarının mutlu göründüğü kadar mutlu olmayı isterdim,Multiple choice,Evet,Hayır,TRUE
68,Ensemde nadiren ağrı hissederim,Multiple choice,Evet,Hayır,TRUE
69,Kendi cinsimden olanları oldukça çekici bulurum,Multiple choice,Evet,Hayır,TRUE
70,Körebe oyunundan hoşlanırdım,Multiple choice,Evet,Hayır,TRUE
71,Birçok kimseler başkalarının ilgi ve yardımlarını sağlamak için talihsizliklerini abartırlar,Multiple choice,Evet,Hayır,TRUE
72,Hemen hemen her gün mide ağrılarından rahatsız olurum,Multiple choice,Evet,Hayır,TRUE
73,Ben önemli bir kimseyim,Multiple choice,Evet,Hayır,TRUE
74,Çoğu zaman kız olmayı isterdim (Şayet kız iseniz:) Kız olduğuma hiç üzülmedim,Multiple choice,Evet,Hayır,TRUE
75,Ara sıra öfkelenirim,Multiple choice,Evet,Hayır,TRUE
76,Çoğu zaman kendimi hüzünlü hissederim,Multiple choice,Evet,Hayır,TRUE
77,Aşk romanları okumaktan hoşlanırım,Multiple choice,Evet,Hayır,TRUE
78,Şiiri severim,Multiple choice,Evet,Hayır,TRUE
79,Kolay incinmem,Multiple choice,Evet,Hayır,TRUE
80,Bazen hayvanlara rahat vermem,Multiple choice,Evet,Hayır,TRUE
81,Orman bekçiliği gibi işlerden hoşlanacağımı sanıyorum,Multiple choice,Evet,Hayır,TRUE
82,Tartışmalarda çabucak yenilirim,Multiple choice,Evet,Hayır,TRUE
83,Çok çalışabilen ya da çalışmak isteyen kişinin başarılı olma şansı yüksektir,Multiple choice,Evet,Hayır,TRUE
84,Bugünlerde artık hiç ilerleme umudum kalmamış gibi hissediyorum,Multiple choice,Evet,Hayır,TRUE
85,"Kullanmayacak bile olsam bazen başkalarının ayakkabı, eldiven gibi özel eşyaları o kadar hoşuma gider ki dokunmak ve aşırmak isterim",Multiple choice,Evet,Hayır,TRUE
86,Kendime hiç güvenim yoktur,Multiple choice,Evet,Hayır,TRUE
87,Çiçek satıcısı olmayı isterdim,Multiple choice,Evet,Hayır,TRUE
88,Genel olarak hayatın yaşanmaya değer olduğu kanısındayım,Multiple choice,Evet,Hayır,TRUE
89,İnsanlara gerçeği kabul ettirmek güçtür,Multiple choice,Evet,Hayır,TRUE
90,Bugün yapmam gereken işleri ara sıra yarına bıraktığım olur,Multiple choice,Evet,Hayır,TRUE
91,Benimle alay edilmesine aldırmam,Multiple choice,Evet,Hayır,TRUE
92,Hemşire olmayı isterdim,Multiple choice,Evet,Hayır,TRUE
93,Yükselmek için bir çok kimse yalan söylemekten çekinmez,Multiple choice,Evet,Hayır,TRUE
94,Sonradan pişman olacağım pek çok şeyi yaptığım olur 4,Multiple choice,Evet,Hayır,TRUE
95,Namazımı hemen hemen muntazaman kılarım,Multiple choice,Evet,Hayır,TRUE
96,Ailemle pek az kavga ederim,Multiple choice,Evet,Hayır,TRUE
97,Bazen zararlı yada çok kötü işler yapmam için içimde çok güçlü bir istek duyarım,Multiple choice,Evet,Hayır,TRUE
98,Kıyamet gününe inanıyorum,Multiple choice,Evet,Hayır,TRUE
99,Gürültülü eğlencelere katılmaktan hoşlanırım,Multiple choice,Evet,Hayır,TRUE
100,Bildiğim bir konuda bir kimse saçma sapan ya da cahilce konuşursa onu hemen düzeltirim,Multiple choice,Evet,Hayır,TRUE
101,"Bence cinsel yönden kadınlar da erkekler kadar serbest olmalıdır,",Multiple choice,Evet,Hayır,TRUE
102,En büyük mücadelemi kendimle yaparım,Multiple choice,Evet,Hayır,TRUE
103,Vücudumda pek az seğirme ve kasılma olur,Multiple choice,Evet,Hayır,TRUE
104,Başıma ne gelirse gelsin aldırış etmiyorum,Multiple choice,Evet,Hayır,TRUE
105,Keyfim yerinde olmadığı zaman tersliğim üzerimdedir,Multiple choice,Evet,Hayır,TRUE
106,Çoğu zaman büyük bir hata ya da kötülük yaptığım korkusuna kapılırım,Multiple choice,Evet,Hayır,TRUE
107,Çoğu zaman mutluyumdur,Multiple choice,Evet,Hayır,TRUE
108,Çoğu zaman bana kafam şişmiş ya da burnum tıkanmış gibi gelir,Multiple choice,Evet,Hayır,TRUE
109,Bazı kimseler o kadar amirane davranırlar ki haklı bile olsalar içimden dediklerinin aksini yapmak gelir,Multiple choice,Evet,Hayır,TRUE
110,Bana kötülük etmek isteyen biri var,Multiple choice,Evet,Hayır,TRUE
111,Sırf heyecanlanmak için tehlikeli bir işe girişmedim,Multiple choice,Evet,Hayır,TRUE
112,Doğru bildiğim şeyler için çoğu zaman direnmek zorunda kalırım,Multiple choice,Evet,Hayır,TRUE
113,Kanunların uygulanması gerektiğine inanırım,Multiple choice,Evet,Hayır,TRUE
114,Çoğu zaman başım sıkı bir çember içindeymiş gibi hissederim,Multiple choice,Evet,Hayır,TRUE
115,Ahirete inanırım,Multiple choice,Evet,Hayır,TRUE
116,Bahse girdiğim yarış ya da oyunlardan daha çok zevk alırım,Multiple choice,Evet,Hayır,TRUE
117,Bir çok kimseler daha çok yakalanmaktan korktukları için dürüsttürler,Multiple choice,Evet,Hayır,TRUE
118,Dersten kaçtığım için ara sıra müdüre gönderildiğim oldu,Multiple choice,Evet,Hayır,TRUE
119,"Konuşma tarzım her zamanki gibidir (Daha yavaş ya da hızlı değil, yayvanlaşmış ya da kısık değil)",Multiple choice,Evet,Hayır,TRUE
120,Evde sofra adabına dışarıdaki kadar dikkat etmem,Multiple choice,Evet,Hayır,TRUE
121,Aleyhimde bazı tertipler kurulduğuna inanıyorum,Multiple choice,Evet,Hayır,TRUE
122,Tanıdığım insanların çoğu kadar becerikli ve zeki olduğuma sanıyorum,Multiple choice,Evet,Hayır,TRUE
123,Beni takip edenler olduğuna inanıyorum,Multiple choice,Evet,Hayır,TRUE
124,Bir çokları kaybetmektense çıkarlarını korumak için pek doğru olmayan yollara başvururlar,Multiple choice,Evet,Hayır,TRUE
125,Midemden oldukça rahatsızım,Multiple choice,Evet,Hayır,TRUE
126,Tiyatrodan hoşlanırım,Multiple choice,Evet,Hayır,TRUE
127,Dertlerimin çoğundan kimin sorumlu olduğunu biliyorum,Multiple choice,Evet,Hayır,TRUE
128,Kan görünce korkmam ya da fenalaşmam,Multiple choice,Evet,Hayır,TRUE
129,Bazen ters ve suratsız olurum,Multiple choice,Evet,Hayır,TRUE
130,Hiç bir zaman kan kusmadım ya da kan tükürmedim,Multiple choice,Evet,Hayır,TRUE
131,Hastalığa yakalanacağım diye kaygılanmam,Multiple choice,Evet,Hayır,TRUE
132,Çiçek koleksiyonu yapmayı ve evde çiçek yetiştirmeyi severim,Multiple choice,Evet,Hayır,TRUE
133,Hiç bir zaman normal olmayan cinsel ilişkilere girişmedim,Multiple choice,Evet,Hayır,TRUE
134,Bazen kafamdaki düşünceler o kadar hızlıdır ki söylemeyi yetiştiremem,Multiple choice,Evet,Hayır,TRUE
135,Fark edilmeyeceğimden emin olsam sinemaya biletsiz girerdim,Multiple choice,Evet,Hayır,TRUE
136,Bana iyilik yapan kimsenin genel olarak gizli bir amacı olabileceğini düşünürüm,Multiple choice,Evet,Hayır,TRUE
137,Aile hayatımın tanıdığım kimselerin çoğununki kadar iyi olduğuna inanıyorum,Multiple choice,Evet,Hayır,TRUE
138,Eleştiri beni çok kırar,Multiple choice,Evet,Hayır,TRUE
139,Bazen sanki kendimi ya da başkasını incitmek zorundaymışım gibi hissederim,Multiple choice,Evet,Hayır,TRUE
140,Yemek pişirmeyi severim 5,Multiple choice,Evet,Hayır,TRUE
141,Davranışlarımı çoğu zaman etrafımdakilere göre ayarlarım,Multiple choice,Evet,Hayır,TRUE
142,Bazen hiçbir işe yaramadığımı düşünürüm,Multiple choice,Evet,Hayır,TRUE
143,Çocukken başlarına ne gelirse gelsin aralarındaki birliği koruyan bir gruptaydım,Multiple choice,Evet,Hayır,TRUE
144,Asker olmak isterim,Multiple choice,Evet,Hayır,TRUE
145,Bazen biriyle yumruk yumruğa kavgaya girişmek istediğim olur,Multiple choice,Evet,Hayır,TRUE
146,Seyahat edip gezip tozmadıkça mutlu olmam,Multiple choice,Evet,Hayır,TRUE
147,Çabuk karar vermediğim için çok fırsat kaçırdım,Multiple choice,Evet,Hayır,TRUE
148,Önemli bir iş üzerinde çalışırken başkalarının işimi yarıda kesmeleri sabrımı taşırır,Multiple choice,Evet,Hayır,TRUE
149,Hatıra defteri tutardım,Multiple choice,Evet,Hayır,TRUE
150,Oyunda kaybetmektense kazanmayı isterim,Multiple choice,Evet,Hayır,TRUE
151,Biri beni zehirlemeye çalışıyor,Multiple choice,Evet,Hayır,TRUE
152,Çoğu geceler zihnimi hiçbir şey kurcalamadan uykuya dalarım,Multiple choice,Evet,Hayır,TRUE
153,Son birkaç yıl içinde sağlığım çoğu zaman iyiydi,Multiple choice,Evet,Hayır,TRUE
154,Hiç sinir nöbeti ya da havale geçirmedim,Multiple choice,Evet,Hayır,TRUE
155,Ne şişmanlıyorum ne de zayıflıyorum,Multiple choice,Evet,Hayır,TRUE
156,Bir şeyler yapıp sonra ne yaptığımı hatırlayamadığım zamanlar oldu,Multiple choice,Evet,Hayır,TRUE
157,Çoğu kez sebepsiz yere cezalandırıldım,Multiple choice,Evet,Hayır,TRUE
158,Çabuk ağlarım,Multiple choice,Evet,Hayır,TRUE
159,ŸOkuduğumu eskisi kadar iyi anlayamıyorum,Multiple choice,Evet,Hayır,TRUE
160,Hayatımda hiç bir zaman kendimi şimdiki kadar iyi hissetmedim,Multiple choice,Evet,Hayır,TRUE
161,Bazen başımda bir sizi hissederim,Multiple choice,Evet,Hayır,TRUE
162,Birisinin bana kurnazca oyun etmesine çok içerlerim,Multiple choice,Evet,Hayır,TRUE
163,Çabucak yorulmam,Multiple choice,Evet,Hayır,TRUE
164,Üzerinde çalıştığım konularda okumayı ve incelemelerde bulunmayı severim,Multiple choice,Evet,Hayır,TRUE
165,"Önemli kimseleri tanımayı severim, çünkü böylece kendimi de önemli bir kimse gibi görürüm",Multiple choice,Evet,Hayır,TRUE
166,Yüksek bir yerden aşağıya bakmaya korkarım,Multiple choice,Evet,Hayır,TRUE
167,Ailemden herhangi birinin mahkemelik olması beni rahatsız etmez,Multiple choice,Evet,Hayır,TRUE
168,Zihnimde bir gariplik var,Multiple choice,Evet,Hayır,TRUE
169,Parayı ellemekten korkmam,Multiple choice,Evet,Hayır,TRUE
170,Başkalarının hakkımda ne düşündükleri beni rahatsız etmez,Multiple choice,Evet,Hayır,TRUE
171,"Bir eğlencede başkaları yapsalar bile, ben taşkınlık yapmaktan rahatsız olurum",Multiple choice,Evet,Hayır,TRUE
172,Çoğu kez utangaçlığımı örtbas etmek ihtiyacını duyarım,Multiple choice,Evet,Hayır,TRUE
173,Okulu severdim,Multiple choice,Evet,Hayır,TRUE
174,Hiç bayılma nöbeti geçirmedim,Multiple choice,Evet,Hayır,TRUE
175,Pek az başım döner ya da hiç dönmez,Multiple choice,Evet,Hayır,TRUE
176,Yılandan büyük bir korkum yoktur,Multiple choice,Evet,Hayır,TRUE
177,Annem iyi bir kadındır,Multiple choice,Evet,Hayır,TRUE
178,Hafızam genellikle iyidir,Multiple choice,Evet,Hayır,TRUE
179,Cinsel konularda sıkıntım vardır,Multiple choice,Evet,Hayır,TRUE
180,Yeni tanıştığım kimselerle konuşma konusu bulmada güçlük çekerim,Multiple choice,Evet,Hayır,TRUE
181,Canım sıkıldıkça heyecan yaratmayı severim,Multiple choice,Evet,Hayır,TRUE
182,Aklımı oynatmaktan korkuyorum,Multiple choice,Evet,Hayır,TRUE
183,Dilencilere para vermeyi doğru bulmam,Multiple choice,Evet,Hayır,TRUE
184,Sık sık nereden geldiğini bilmediğim sesler duyarım,Multiple choice,Evet,Hayır,TRUE
185,Herkes kadar iyi işitirim,Multiple choice,Evet,Hayır,TRUE
186,Bir şeyler yapmağa girişince ellerimin çok defa titrediğini fark ederim,Multiple choice,Evet,Hayır,TRUE
187,Ellerimde beceriksizlik ya da sakarlık yok,Multiple choice,Evet,Hayır,TRUE
188,Gözlerim yorulmadan uzun süre okuyabilirim,Multiple choice,Evet,Hayır,TRUE
189,Çoğu zaman bütün vücudumda bir halsizlik duyarım 6,Multiple choice,Evet,Hayır,TRUE
190,Başım pek az ağrır,Multiple choice,Evet,Hayır,TRUE
191,Bazen utanınca çok terlerim,Multiple choice,Evet,Hayır,TRUE
192,Yürürken dengemi hemen hemen hiç kaybetmem,Multiple choice,Evet,Hayır,TRUE
193,Saman nezlesi ya da astım nöbetlerim yoktur,Multiple choice,Evet,Hayır,TRUE
194,Hareketlerimi ve konuşmamı kontrol edemediğim fakat etrafımda olup bitenden haberdar olduğum nöbetler geçirdiğim oldu,Multiple choice,Evet,Hayır,TRUE
195,Tanıdığım herkesi sevmem,Multiple choice,Evet,Hayır,TRUE
196,Hiç görmediğim yerlere gitmekten hoşlanırım,Multiple choice,Evet,Hayır,TRUE
197,Biri beni soymaya her şeyimi almaya çalışıyor,Multiple choice,Evet,Hayır,TRUE
198,Çok az hayal kurarım,Multiple choice,Evet,Hayır,TRUE
199,Çocuklara cinsiyetle ilgili temel gerçekler öğretilmelidir,Multiple choice,Evet,Hayır,TRUE
200,Fikir ve düşüncelerimi çalmak isteyen biri var,Multiple choice,Evet,Hayır,TRUE
201,Keşke bu kadar utangaç olmasam,Multiple choice,Evet,Hayır,TRUE
202,Kendimi cezayı hak etmiş suçlu bir insan olarak görüyorum,Multiple choice,Evet,Hayır,TRUE
203,Gazeteci olmak isterdim,Multiple choice,Evet,Hayır,TRUE
204,Gazeteci olmasaydım daha çok tiyatro haberleri yazmaktan hoşlanırdım,Multiple choice,Evet,Hayır,TRUE
205,Bazen çalmaktan ya da dükkanlardan eşya aşırmaktan kendimi alamam,Multiple choice,Evet,Hayır,TRUE
206,Bir çok kimseden daha dindarımdır,Multiple choice,Evet,Hayır,TRUE
207,Çeşitli oyun ve eğlencelerden hoşlanırım,Multiple choice,Evet,Hayır,TRUE
208,Flört etmeyi severim,Multiple choice,Evet,Hayır,TRUE
209,Günahlarımın affedilmeyeceğine inanıyorum,Multiple choice,Evet,Hayır,TRUE
210,Her şeyin tanı aynı geliyor,Multiple choice,Evet,Hayır,TRUE
211,Gündüzleri uyuyabilirim fakat gündüzleri uyuyamam,Multiple choice,Evet,Hayır,TRUE
212,Evdekiler bana çocuk muamelesi yapıyor,Multiple choice,Evet,Hayır,TRUE
213,Yürürken kaldırımdaki yarıklara basmamaya dikkat ederim,Multiple choice,Evet,Hayır,TRUE
214,Cildimde üzülmeye değer kabarıklık ya da sivilce yok,Multiple choice,Evet,Hayır,TRUE
215,Çok içki kullandım,Multiple choice,Evet,Hayır,TRUE
216,Başka ailelere göre bizim evde sevgi ve arkadaşlık pek azdır,Multiple choice,Evet,Hayır,TRUE
217,Sık sık kendime bir şeyleri dert edinirim,Multiple choice,Evet,Hayır,TRUE
218,Hayvanların eziyet çektiğini görmek beni üzmez,Multiple choice,Evet,Hayır,TRUE
219,İnşaat mütahitliğinden hoşlanacağımı sanıyorum,Multiple choice,Evet,Hayır,TRUE
220,Annemi çok severim,Multiple choice,Evet,Hayır,TRUE
221,Bilimden hoşlanırım,Multiple choice,Evet,Hayır,TRUE
222,Karşılığını veremeyeceğim durumlarda bile arkadaşlarımdan yardım istemekte güçlük çekmem,Multiple choice,Evet,Hayır,TRUE
223,Avlanmayı çok severim,Multiple choice,Evet,Hayır,TRUE
224,Annem babam hep beraber olduğum kimselerden çok defa hoşlanmıyorlar,Multiple choice,Evet,Hayır,TRUE
225,Bazen biraz dedikodu yaptığım olur,Multiple choice,Evet,Hayır,TRUE
226,Ailemdeki bazı kimselerde canımı çok sıkan alışkanlıklar var,Multiple choice,Evet,Hayır,TRUE
227,Uykuda gezdiğimi söylerler,Multiple choice,Evet,Hayır,TRUE
228,Bazen alışılmamış bir kolaylıkla karar verebileceğimi hissediyorum,Multiple choice,Evet,Hayır,TRUE
229,Çeşitli klüp ve derneklere üye olmak isterim,Multiple choice,Evet,Hayır,TRUE
230,Kalbimin hızlı çarptığını hemen hemen hiç hissetmem ve çok seyrek nefesim tıkanır,Multiple choice,Evet,Hayır,TRUE
231,Cinsiyet hakkında konuşmayı severim,Multiple choice,Evet,Hayır,TRUE
232,Bazen üzerime çok fazla iş alırım,Multiple choice,Evet,Hayır,TRUE
233,Pek çok insan karşı çıksa da kendi fikrimi sonuna kadar savunurum,Multiple choice,Evet,Hayır,TRUE
234,Çabuk kızar ve çabuk unuturum,Multiple choice,Evet,Hayır,TRUE
235,Aile kurallarından oldukça bağımsız ve özgürüm,Multiple choice,Evet,Hayır,TRUE
236,Sıklıkla kara kara düşünürüm 7,Multiple choice,Evet,Hayır,TRUE
237,Akrabalarımın hemen hepsi bana karşı anlayış gösterir,Multiple choice,Evet,Hayır,TRUE
238,Zaman zaman perimde duramayacak huzursuzluk duyduğum devreler olur,Multiple choice,Evet,Hayır,TRUE
239,Aşkta hayal kırıklığına uğradım,Multiple choice,Evet,Hayır,TRUE
240,Görünüşüme hiç aldırmam,Multiple choice,Evet,Hayır,TRUE
241,Kendi içimde tutup başkalarına söylenemeyen şeyler hakkında sık sık rüya görürüm,Multiple choice,Evet,Hayır,TRUE
242,Bir çoklarından daha sinirli sayılmam,Multiple choice,Evet,Hayır,TRUE
243,Hemen hemen hiç bir ağrı ve sızım yok,Multiple choice,Evet,Hayır,TRUE
244,Davranışlarım başkalarınca yanlış anlaşılmaya elverişlidir,Multiple choice,Evet,Hayır,TRUE
245,Ailem beni olduğumdan daha hatalı bulur,Multiple choice,Evet,Hayır,TRUE
246,Boynumda sık sık kırmızı lekeler olur,Multiple choice,Evet,Hayır,TRUE
247,Kimseden sevgi görmüyorum,Multiple choice,Evet,Hayır,TRUE
248,Bazen ortada hiç bir neden yokken hatta işler kötüye gittiği zaman bile kendimi fazlasıyla mutlu hissederim,Multiple choice,Evet,Hayır,TRUE
249,Öbür dünyada şeytan ve cehennem olduğuna inanırım,Multiple choice,Evet,Hayır,TRUE
250,Hayatta önüne her geleni kapmağa çalışan insanları suçlamam,Multiple choice,Evet,Hayır,TRUE
251,Kendimi kaybedip yaptığım işi aksattığım ve etrafımda olup bitenlerin farkında olmadığım zamanlar oldu,Multiple choice,Evet,Hayır,TRUE
252,Hiç kimse başkasının derdine aldırış etmiyor,Multiple choice,Evet,Hayır,TRUE
253,Hatalı davranışlarını görsem bile insanlara arkadaşça davranabilirim,Multiple choice,Evet,Hayır,TRUE
254,Birbiriyle şakalaşan kimseler arasında olmayı severim,Multiple choice,Evet,Hayır,TRUE
255,Seçimlerde bazen oyumu pek az tanıdığım kimselere veririm,Multiple choice,Evet,Hayır,TRUE
256,Gazetelerin ilgi çeken tek yeri resimli mizah sayfasıdır,Multiple choice,Evet,Hayır,TRUE
257,Yaptığım işlerde genel olarak başarı elde edeceğime inanırım,Multiple choice,Evet,Hayır,TRUE
258,Allah’ın varlığına inanırım,Multiple choice,Evet,Hayır,TRUE
259,İşe başlamada güçlük çekerim,Multiple choice,Evet,Hayır,TRUE
260,øOkulda iken ağır öğrenenlerden biri idim,Multiple choice,Evet,Hayır,TRUE
261,Ressam olsaydım çiçek resimleri yapardım,Multiple choice,Evet,Hayır,TRUE
262,Daha güzel olmamam beni rahatsız etmez,Multiple choice,Evet,Hayır,TRUE
263,Soğuk günlerde bile kolayca terlerim,Multiple choice,Evet,Hayır,TRUE
264,Kendime tam anlamıyla güvenim vardır,Multiple choice,Evet,Hayır,TRUE
265,Hiç kimseye güvenmemek en doğrusudur,Multiple choice,Evet,Hayır,TRUE
266,"Haftada bir ya da sık, çok heyecanlanırım",Multiple choice,Evet,Hayır,TRUE
267,Topluluk içinde olduğumda üzerinde konuşacak uygun konular bulmada güçlük çekerim,Multiple choice,Evet,Hayır,TRUE
268,Karamsar olduğum zaman heyecanlı bir olay hemen beni bu durumdan çıkarır,Multiple choice,Evet,Hayır,TRUE
269,Bazen zevk için başkalarını kendimden korkuturum,Multiple choice,Evet,Hayır,TRUE
270,Evden çıkarken kapının kilitli ve pencerenin kapalı olup olmadığı aklıma takılmaz,Multiple choice,Evet,Hayır,TRUE
271,Başkalarının saflığını kendi çıkarlarında kullanan kimseleri ayıplamam,Multiple choice,Evet,Hayır,TRUE
272,Bazen kendimi enerji dolu hissederim,Multiple choice,Evet,Hayır,TRUE
273,Derimin bazı yerlerinde uyuşukluk hissederim,Multiple choice,Evet,Hayır,TRUE
274,Görme gücüm eskisi kadar kuvvetlidir,Multiple choice,Evet,Hayır,TRUE
275,Birisi zihnimi kontrol ediyor,Multiple choice,Evet,Hayır,TRUE
276,Çocukları severim,Multiple choice,Evet,Hayır,TRUE
277,"Bazen bir madrabazın kurnazlığı beni o kadar eğlendirir ki, yakayı ele vermemesini dilerim",Multiple choice,Evet,Hayır,TRUE
278,Çok defa tanımadığım kimselerin bana eleştirici gözle baktıklarını hissederim,Multiple choice,Evet,Hayır,TRUE
279,Her gün gereğinden fazla su içerim,Multiple choice,Evet,Hayır,TRUE
280,Bir çok kimseler kendilerine yararı dokunacağı için arkadaş edinirler,Multiple choice,Evet,Hayır,TRUE
281,Kulaklarım çok az çınlar ya da uğuldar 8,Multiple choice,Evet,Hayır,TRUE
282,Genellikle sevdiğim aile üyelerine karşı bazen nefret duyarım,Multiple choice,Evet,Hayır,TRUE
283,Gazete muhabiri olsaydım en çok spor haberleri yazmayı isterdim,Multiple choice,Evet,Hayır,TRUE
284,Hakkımda çok konuşulduğumdan eminim,Multiple choice,Evet,Hayır,TRUE
285,Ara sıra açık saçık bir fıkraya güldüğüm olur,Multiple choice,Evet,Hayır,TRUE
286,En çok yalnız olduğum zaman mutlu olurum,Multiple choice,Evet,Hayır,TRUE
287,Arkadaşlarıma kıyasla beni korkutan şeyler çok azdır,Multiple choice,Evet,Hayır,TRUE
288,Tekrarlanan mide bulantısı ve kusmalar bana sıkıntı verir,Multiple choice,Evet,Hayır,TRUE
289,Bir suçlu avukatının becerikliliği sayesinde cezadan kurtulunca kanunlara karşı daima nefret duyarım,Multiple choice,Evet,Hayır,TRUE
290,Çok gergin bir hava içinde çalışıyorum,Multiple choice,Evet,Hayır,TRUE
291,Hayatımda bir ya da birkaç kere birisinin beni hipnotize ederek bana bir şeyler yaptığını hissettim,Multiple choice,Evet,Hayır,TRUE
292,Başkaları benimle konuşuncaya kadar ben onlarla konuşmaya başlamam,Multiple choice,Evet,Hayır,TRUE
293,Birisi zihnimi etkilemeye çalışıyor,Multiple choice,Evet,Hayır,TRUE
294,Kanunla hiç başım derde girmedi,Multiple choice,Evet,Hayır,TRUE
295,Masal okumayı severim,Multiple choice,Evet,Hayır,TRUE
296,Hiçbir neden yokken kendimi son derecede neşeli hissettiğim zamanlar olur,Multiple choice,Evet,Hayır,TRUE
297,Cinsiyetle ilgili düşünceler beni rahatsız eder,Multiple choice,Evet,Hayır,TRUE
298,Birkaç kişinin birlikte başları derde girince en iyisi yakalarını kurtarmak için aynı hikayeyi uydurmak ve bundan caymamaktır,Multiple choice,Evet,Hayır,TRUE
299,Duygularımın birçok kimselerden yoğun olduğunu düşünürüm,Multiple choice,Evet,Hayır,TRUE
300,Hayatımda hiçbir zaman bebek oynamaktan hoşlanmadım,Multiple choice,Evet,Hayır,TRUE
301,Çoğu zaman hayat benim için bir yüktür,Multiple choice,Evet,Hayır,TRUE
302,Cinsel davranışlarımdan dolayı hiçbir zaman başım derde girmedi,Multiple choice,Evet,Hayır,TRUE
303,Bazı konularda o kadar alınganım ki onlar hakkında konuşmam bile,Multiple choice,Evet,Hayır,TRUE
304,Okulda sınıf karşısında konuşma bana çok güç gelirdi,Multiple choice,Evet,Hayır,TRUE
305,Başkalarıyla beraber olduğum zaman bile kendimi yalnız hissederim,Multiple choice,Evet,Hayır,TRUE
306,Bana karşı mümkün olan anlayış gösteriliyor,Multiple choice,Evet,Hayır,TRUE
307,İyi beceremediğim oyunları oynamağa yanaşmam,Multiple choice,Evet,Hayır,TRUE
308,Zaman zaman evi bırakıp gitmeyi çok istemişimdir,Multiple choice,Evet,Hayır,TRUE
309,Birçokları kadar çabuk arkadaş edinebildiğimi sanıyorum,Multiple choice,Evet,Hayır,TRUE
310,Cinsel hayatım doyurucudur,Multiple choice,Evet,Hayır,TRUE
311,Gençlik yıllarımda bir devre ufak tefek şeyler çaldım,Multiple choice,Evet,Hayır,TRUE
312,İnsanların arasında olmaktan hiç hoşlanmam,Multiple choice,Evet,Hayır,TRUE
313,Değerli eşyasını tedbirsizce ortada bırakıp çalınmasına neden olan kimse bunu çalan kadar hatalıdır,Multiple choice,Evet,Hayır,TRUE
314,Ara sıra söylenemeyecek kadar kötü şeyler düşünürüm,Multiple choice,Evet,Hayır,TRUE
315,Hayatın hep kötü tarafları bana nasip olmuştur,Multiple choice,Evet,Hayır,TRUE
316,Hemen hemen herkesin başını derde sokmamak için yalan söyleyebileceğine inanırım,Multiple choice,Evet,Hayır,TRUE
317,Birçok kimselerden daha hassasım,Multiple choice,Evet,Hayır,TRUE
318,Günlük hayatım beni ilgilendiren şeylerle dolu,Multiple choice,Evet,Hayır,TRUE
319,İnsanların çoğu başkalarına yardım etmek için zahmete girmekten hoşlanmazlar,Multiple choice,Evet,Hayır,TRUE
320,Rüyalarımın çoğu cinsel konularla ilgilidir,Multiple choice,Evet,Hayır,TRUE
321,Kolaylıkla mahcup olurum,Multiple choice,Evet,Hayır,TRUE
322,Para ve işi kendime dert edinirim,Multiple choice,Evet,Hayır,TRUE
323,Başımdan çok tuhaf ve acayip olaylar geçmiştir,Multiple choice,Evet,Hayır,TRUE
324,Hiç kimseye aşık olmadım,Multiple choice,Evet,Hayır,TRUE
325,Ailemin yaptığı bazı şeyler beni korkutmuştur,Multiple choice,Evet,Hayır,TRUE
326,Bazen kontrol edemediğim gülme ve ağlama nöbetlerine tutulurum 9,Multiple choice,Evet,Hayır,TRUE
327,Annem ya da babam çok defa beni makul bulmadığım emirlere bile itaat ettirdiler,Multiple choice,Evet,Hayır,TRUE
328,Zihnimi bir konu ya da iş üzerinde toplamakta güçlük çekerim,Multiple choice,Evet,Hayır,TRUE
329,Hemen hemen hiç rüya görmedim,Multiple choice,Evet,Hayır,TRUE
330,Hiç felç geçirmedim ya da kaslarımda olağan üstü bir halsizlik duymadım,Multiple choice,Evet,Hayır,TRUE
331,Eğer insanlar sırf düşmanlık olsun diye beni engellemeselerdi daha başarılı olurdum,Multiple choice,Evet,Hayır,TRUE
332,Bazen nezle olmadığım halde sesim çıkmaz ya da değişir,Multiple choice,Evet,Hayır,TRUE
333,Beni hiç kimse anlamıyor,Multiple choice,Evet,Hayır,TRUE
334,Bazen tuhaf korkular duyarım,Multiple choice,Evet,Hayır,TRUE
335,Zihnimi bir konu üzerinde toplayamam,Multiple choice,Evet,Hayır,TRUE
336,İnsanlara karşı sabrım çabuk tükenir,Multiple choice,Evet,Hayır,TRUE
337,Çoğunlukla bir takım şeyler ve kimseler için meraklanıp huzursuzlaşırım,Multiple choice,Evet,Hayır,TRUE
338,Hayatımın çoğu kimselerinkinden daha fazla tasa ve kaygı içinde geçtiğine eminim,Multiple choice,Evet,Hayır,TRUE
339,Çoğu zaman ölmüş olmayı isterdim,Multiple choice,Evet,Hayır,TRUE
340,Bazen o kadar heyecanlanırım ki uykuya dalmam güçleşir,Multiple choice,Evet,Hayır,TRUE
341,Bazen beni rahatsız edecek kadar iyi işitirim,Multiple choice,Evet,Hayır,TRUE
342,Bana söyleneni hemen unuturum,Multiple choice,Evet,Hayır,TRUE
343,Önemsiz ufak şeylerde bile karar verip işe girişmeden önce durur ve düşünürüm,Multiple choice,Evet,Hayır,TRUE
344,Gördüğüm kimse ile karşılaşmamak için sıklıkla yolumu değiştiririm,Multiple choice,Evet,Hayır,TRUE
345,Sıklıkla olup bitenler bana gerçek değilmiş gibi gelir,Multiple choice,Evet,Hayır,TRUE
346,Reklamlardaki ampuller gibi önemsiz şeyleri sayma alışkanlığım vardır,Multiple choice,Evet,Hayır,TRUE
347,Bana gerçekten kötülük yapmak isteyen hiç bir düşmanım yoktur,Multiple choice,Evet,Hayır,TRUE
348,Bana umduğumdan fazla dostluk gösteren insanlara karşı tetikte bulunmağa çalışırım,Multiple choice,Evet,Hayır,TRUE
349,Acayip ve tuhaf düşüncelerim vardır,Multiple choice,Evet,Hayır,TRUE
350,Yalnızken garip şeyler duyarım,Multiple choice,Evet,Hayır,TRUE
351,Küçük bir seyahat için bile evden ayrılırken telaşlanır ve kaygılanırım,Multiple choice,Evet,Hayır,TRUE
352,Beni incitmeyeceğini bildiğim şeylerden ya da insanlardan bile korktuğum oldu,Multiple choice,Evet,Hayır,TRUE
353,Başkalarının daha önce toplanıp konuştuğu odaya girmekten çekinmem,Multiple choice,Evet,Hayır,TRUE
354,Bıçak gibi çok keskin ve sivri şeyler kullanmaktan korkarım,Multiple choice,Evet,Hayır,TRUE
355,Sevdiğim kimseleri bazen incitmekten hoşlanırım,Multiple choice,Evet,Hayır,TRUE
356,Dikkatimi bir konu üzerinde toplamada birçok kişiden daha fazla güçlük çekerim,Multiple choice,Evet,Hayır,TRUE
357,Yeteneğimi küçümsediğim için birçok defalar başladığım işi yarıda bıraktım,Multiple choice,Evet,Hayır,TRUE
358,Kötü ve çok defa korkunç kelimeler zihnimi kurcalar ve bunlardan kendimi kurtaramam,Multiple choice,Evet,Hayır,TRUE
359,Bazen önemsiz düşünceler aklımdan geçer ve beni günlerce rahatsız eder,Multiple choice,Evet,Hayır,TRUE
360,Hemen hemen her gün beni korkutan bir şey olur,Multiple choice,Evet,Hayır,TRUE
361,Her şeyi kötüye yorma eğilimindeyim,Multiple choice,Evet,Hayır,TRUE
362,Birçok kimselerden daha çok hassasım,Multiple choice,Evet,Hayır,TRUE
363,Bazen sevdiğim kimselerin beni incitmesinden hoşlandığım oldu,Multiple choice,Evet,Hayır,TRUE
364,Hakkımda onur kırıcı ve kötü sözler söylüyorlar,Multiple choice,Evet,Hayır,TRUE
365,Kapalı yerlerde huzursuzluk duyarım,Multiple choice,Evet,Hayır,TRUE
366,İnsanlar içinde bile olsam çok defa kendimi yalnız hissederim,Multiple choice,Evet,Hayır,TRUE
367,Yangından korkmam,Multiple choice,Evet,Hayır,TRUE
368,Sonradan pişman olacağım şeyler yapmak ya da söylemek korkusuyla bazen bir kimseden uzak durduğum oldu,Multiple choice,Evet,Hayır,TRUE
369,Kararsızlığım yüzünden yapılması gerekli birçok işi yapamamışımdır,Multiple choice,Evet,Hayır,TRUE
370,Çalışırken acele etmek zorunda olmaktan nefret ederim,Multiple choice,Evet,Hayır,TRUE
371,Aşırı derecede kendini dinleyen bir insan değilim 10,Multiple choice,Evet,Hayır,TRUE
372,Elimdeki işi en iyi şekilde yapmayı isterim,Multiple choice,Evet,Hayır,TRUE
373,Yalnızca bir tek doğru din olduğundan eminim,Multiple choice,Evet,Hayır,TRUE
374,Ara sıra zihnim her zamankinden daha ağır işler,Multiple choice,Evet,Hayır,TRUE
375,Çok mutlu olduğum ve iyi çalıştığım zamanlarda neşesiz veya dertli bir insanla karşılaşmak keyfimi tamamen kaçırır,Multiple choice,Evet,Hayır,TRUE
376,Polisler genellikle dürüsttür,Multiple choice,Evet,Hayır,TRUE
377,Toplantılarda kalabalığa karışmaktan çok yalnız başıma oturur ya da bir tek kişiyle ahbaplık ederim,Multiple choice,Evet,Hayır,TRUE
378,Kadınları sigara içerken görmekten hoşlanmam,Multiple choice,Evet,Hayır,TRUE
379,Çok nadiren karamsarlığa kapılırım,Multiple choice,Evet,Hayır,TRUE
380,Ne yapsam zevk alamıyorum,Multiple choice,Evet,Hayır,TRUE
381,Kolay öfkelenen biri olduğumu söylerler,Multiple choice,Evet,Hayır,TRUE
382,"Yapmak istediğim şeylere karar verirken, başkalarının ne düşüneceğini dikkate almam",Multiple choice,Evet,Hayır,TRUE
383,İnsanlar çoğu zaman beni hayal kırıklığına uğratırlar,Multiple choice,Evet,Hayır,TRUE
384,Kendimle ilgili her şeyi anlatabileceğim hiç kimse yok,Multiple choice,Evet,Hayır,TRUE
385,Şimşek çakması da korkularımdan biridir,Multiple choice,Evet,Hayır,TRUE
386,Çok tertipli ve titizim,Multiple choice,Evet,Hayır,TRUE
387,Ailem her davranışıma fazla karışıyor,Multiple choice,Evet,Hayır,TRUE
388,Karanlıkta yalnız kalmaktan korkarım,Multiple choice,Evet,Hayır,TRUE
389,Tasarlamış olduğum planlar çok defa o kadar güçlükle dolu göründü ki bunlardan vazgeçmek zorunda kaldım,Multiple choice,Evet,Hayır,TRUE
390,Birinin hatasını önleme gayretimin yanlış anlaşılmasına çok üzülürüm,Multiple choice,Evet,Hayır,TRUE
391,Dansa gitmeyi severim,Multiple choice,Evet,Hayır,TRUE
392,Fırtınadan çok korkarım,Multiple choice,Evet,Hayır,TRUE
393,Yük çekmeyen atlar dövülmeli ya da kamçılanmalıdır,Multiple choice,Evet,Hayır,TRUE
394,Başkalarına sık sık akıl danışırım,Multiple choice,Evet,Hayır,TRUE
395,"Gelecek, bir insanın ciddi planlar yapamayacağı kadar belirsizdir",Multiple choice,Evet,Hayır,TRUE
396,İşler yolunda gittiği zaman bile çoğu kez her şeye karşı bir aldırmazlık içinde olduğumu hissederim,Multiple choice,Evet,Hayır,TRUE
397,Bazen güçlükler öylesine üst üste gelir ki onlarla baş edemeyecekmişim gibi hissederim,Multiple choice,Evet,Hayır,TRUE
398,Çoğu kez keşke tekrar çocuk olsaydım diye düşünürüm,Multiple choice,Evet,Hayır,TRUE
399,Kolay kolay kızmam,Multiple choice,Evet,Hayır,TRUE
400,Eğer bana fırsat verilse dünya için çok yararlı işler yapabilirim,Multiple choice,Evet,Hayır,TRUE
401,Sudan hiç korkmam,Multiple choice,Evet,Hayır,TRUE
402,Ne yapacağıma karar vermeden önce uzun uzun düşünürüm,Multiple choice,Evet,Hayır,TRUE
403,Birçok şeyin olup bittiği böyle bir devirde yaşamak hoş bir şey,Multiple choice,Evet,Hayır,TRUE
404,Hatalarını düzelterek kendilerine yardım etmeye çalıştığım insanlar amacımı çoğu kez yanlış anlarlar,Multiple choice,Evet,Hayır,TRUE
405,Yutkunmakta güçlük çekmem,Multiple choice,Evet,Hayır,TRUE
406,Uzman dendiği halde benden pek fazla bilgili olmayan insanlarla sık sık karşılaşırım,Multiple choice,Evet,Hayır,TRUE
407,Genel olarak sakinim ve kolay sinirlenmem,Multiple choice,Evet,Hayır,TRUE
408,Bazı konular hakkında hislerimi o kadar gizleyebilirim ki insanlar bilmeden beni incitebilirler,Multiple choice,Evet,Hayır,TRUE
409,Elimde olmadan çok ufak bir şeyden münakaşa çıkarıp karşımdakini kırıyorum,Multiple choice,Evet,Hayır,TRUE
410,Madrabazı kendi silahı ile alt etmekten hoşlanırım,Multiple choice,Evet,Hayır,TRUE
411,İyi tanıdığım bir kimsenin başarısını duyduğum zaman adeta kendimi başarısızlığı uğramış hissederim 11,Multiple choice,Evet,Hayır,TRUE
412,Hastalandığım zaman doktora gitmekten korkmam,Multiple choice,Evet,Hayır,TRUE
413,Günahlarım için ne kadar ağır ceza görsem iyidir,Multiple choice,Evet,Hayır,TRUE
414,Hayal kırıklıklarını o kadar ciddiye alırım ki bunları zihnimden söküp atamam,Multiple choice,Evet,Hayır,TRUE
415,Fırsat verilse iyi bir önder olurum,Multiple choice,Evet,Hayır,TRUE
416,Yakınlarımın sağlığından çok endişe ederim,Multiple choice,Evet,Hayır,TRUE
417,Sırada beklerken biri önüme geçmeye kalkışırsa ona çıkışırım,Multiple choice,Evet,Hayır,TRUE
418,Bazen hiç bir işe yaramadığımı düşünürüm,Multiple choice,Evet,Hayır,TRUE
419,Küçükken okuldan sık sık kaçardım,Multiple choice,Evet,Hayır,TRUE
420,Başımdan dinle ilgili olağan üstü yaşantılar geçti,Multiple choice,Evet,Hayır,TRUE
421,Ailemde çok sinirli insanlar var,Multiple choice,Evet,Hayır,TRUE
422,Ailemde bazı kişilerin yapmış olduğu işler beni utandırmıştır,Multiple choice,Evet,Hayır,TRUE
423,Balık tutmayı çok severim,Multiple choice,Evet,Hayır,TRUE
424,Hemen hemen her zaman açlık duyarım,Multiple choice,Evet,Hayır,TRUE
425,Sık sık rüya görürüm,Multiple choice,Evet,Hayır,TRUE
426,Kaba ya da can sıkıcı insanlara karşı bazen sert davrandığım olur,Multiple choice,Evet,Hayır,TRUE
427,Açık saçık hikayelerden utanıp rahatsız olurum,Multiple choice,Evet,Hayır,TRUE
428,Gazetelerin baş yazılarını okumaktan hoşlanırım,Multiple choice,Evet,Hayır,TRUE
429,Ciddi konular üzerinde verilen konferansları dinlemekten hoşlanırım,Multiple choice,Evet,Hayır,TRUE
430,Karşı cinsten olanları çekici bulurum,Multiple choice,Evet,Hayır,TRUE
431,Başa gelebilecek talihsizlikler beni oldukça telaşlandırır,Multiple choice,Evet,Hayır,TRUE
432,Kuvvetli siyasi fikirlerim vardır,Multiple choice,Evet,Hayır,TRUE
433,Bir zamanlar hayali arkadaşlarım vardı,Multiple choice,Evet,Hayır,TRUE
434,Otomobil yarışçısı olmayı isterdim,Multiple choice,Evet,Hayır,TRUE
435,Genel olarak kadınlarla çalışmayı tercih ederim,Multiple choice,Evet,Hayır,TRUE
436,İnsanlar genel olarak başkalarının haklarına saygı göstermekten çok kendi haklarına saygı gösterilmesini isterler,Multiple choice,Evet,Hayır,TRUE
437,Kanuna aykırı davranmadan kanunun bir gediğinden yararlanmakta zarar yoktur,Multiple choice,Evet,Hayır,TRUE
438,Bazı insanlardan o kadar nefret ederim ki ettiklerini bulunca içimden oh derim,Multiple choice,Evet,Hayır,TRUE
439,Beklemek zorunda kalmak beni sinirlendirir,Multiple choice,Evet,Hayır,TRUE
440,Başkalarına anlatmak için hoş fıkraları hatırımda tutmaya çalışırım,Multiple choice,Evet,Hayır,TRUE
441,Uzun boylu kadınlardan hoşlanırım,Multiple choice,Evet,Hayır,TRUE
442,Üzüntü yüzünden uyuyamadığım zamanlar oldu,Multiple choice,Evet,Hayır,TRUE
443,Başkalarının gereği gibi yapamadığımı sandığı şeyleri yapmaktan vaz geçtiğim oldu,Multiple choice,Evet,Hayır,TRUE
444,Başkalarının cahilce inançlarının düzeltmeye çalışmam,Multiple choice,Evet,Hayır,TRUE
445,Küçükken heyecan veren şeyler yapmaktan hoşlanırdım,Multiple choice,Evet,Hayır,TRUE
446,Az parayla oynanan kumardan hoşlanırım,Multiple choice,Evet,Hayır,TRUE
447,Mastürbasyonda kendi cinsimle ilgili hayal beni tahrik eder,Multiple choice,Evet,Hayır,TRUE
448,"Sokakta, otobüs ve dükkanlarda bana bakan insanlardan rahatsız olurum",Multiple choice,Evet,Hayır,TRUE
449,İnsanlarla bir arada olmayı sağladığı için toplantı ve davetleri severim,Multiple choice,Evet,Hayır,TRUE
450,Kalabalığın verdiği coşkudan hoşlanırım,Multiple choice,Evet,Hayır,TRUE
451,Neşeli arkadaşlar arasına karışınca üzüntülerimi unuturum,Multiple choice,Evet,Hayır,TRUE
452,Arkadaş edinemiyorum,Multiple choice,Evet,Hayır,TRUE
453,Küçükken mahalledeki arkadaş ya da akran gruplarına katılmaktan hoşlanmazdım,Multiple choice,Evet,Hayır,TRUE
454,Orman ya da dağdaki bir kulübede tek başıma yaşamaktan mutlu olabilirim,Multiple choice,Evet,Hayır,TRUE
455,İçinde bulunduğum grubun dedikodularına ve konuşmalarına sıklıkla konu olmam,Multiple choice,Evet,Hayır,TRUE
456,İnsan makul bulmadığı kanunlara aykırı hareketlerinden ötürü cezalandırılmamalıdır,Multiple choice,Evet,Hayır,TRUE
457,Bence insan hiç bir zaman alkollü içkiyi ağzına almamalıdır 12,Multiple choice,Evet,Hayır,TRUE
458,"Çocukken benimle en fazla ilgilenen erkek baba, üvey baba vb bana karşı çok sert davranırdı",Multiple choice,Evet,Hayır,TRUE
459,Çaba göstermekle yenemeyeceğimi bildiğim bazı kötü alışkanlıklarım var,Multiple choice,Evet,Hayır,TRUE
460,Az içki kullandım ya da hiç kullanmadım,Multiple choice,Evet,Hayır,TRUE
461,Kısa bir zaman için bile olsa başladığım işi bir kenara bırakmak bana güç gelir,Multiple choice,Evet,Hayır,TRUE
462,Küçük abdestimi yapmada ya da tutmada güçlük çekmem,Multiple choice,Evet,Hayır,TRUE
463,Sek sek oyunu oynamaktan hoşlanırdım,Multiple choice,Evet,Hayır,TRUE
464,Hiç hayal görmedim,Multiple choice,Evet,Hayır,TRUE
465,Bir kaç kez hayatım boyunca yaptığım işte hevesimi yitirdiğim olmuştur,Multiple choice,Evet,Hayır,TRUE
466,Doktor önerisi dışında hiçbir ilaç ya da uyku hapı kullanmadım,Multiple choice,Evet,Hayır,TRUE
467,"Çok defa otomobil, plaka numarası gibi hiç önemli olmayan numaraları ezberlerim",Multiple choice,Evet,Hayır,TRUE
468,Sıklıkla sinirli ve asık suratlı olurum,Multiple choice,Evet,Hayır,TRUE
469,Onlardan önce düşündüğüm için başkaları benim fikirlerimi kıskanıyorlar,Multiple choice,Evet,Hayır,TRUE
470,Cinsiyetle ilgili şeylerden nefret ederim,Multiple choice,Evet,Hayır,TRUE
471,Okulda hal ve gidişten kırık not alırdım,Multiple choice,Evet,Hayır,TRUE
472,Yangın karşısında büyülenmiş gibi olurum,Multiple choice,Evet,Hayır,TRUE
473,Mümkün olduğu kadar kalabalıktan uzak kalmaya çalışırım,Multiple choice,Evet,Hayır,TRUE
474,Başkalarından daha sık küçük abdeste çıkmam,Multiple choice,Evet,Hayır,TRUE
475,Sıkıştırıldığım zaman gerçeğin ancak bana zarar vermeyecek kısmını söylerim,Multiple choice,Evet,Hayır,TRUE
476,Tanrı bana özel bir görev vermiştir,Multiple choice,Evet,Hayır,TRUE
477,Arkadaşlarımla birlikte işlediğim bir suçtan eşit şekilde suçlu olduğum zaman onları ele vermektense bütün suçu üzerime almayı tercih ederim,Multiple choice,Evet,Hayır,TRUE
478,Çok değişik bir aile ortamından gelmiş olmayı isterdim,Multiple choice,Evet,Hayır,TRUE
479,Yabancılarla tanışmaktan kaçınmam,Multiple choice,Evet,Hayır,TRUE
480,Karanlıktan çok defa korkarım,Multiple choice,Evet,Hayır,TRUE
481,Bir şeyden kurtulmak için hasta numarası yaptığım olmuştur,Multiple choice,Evet,Hayır,TRUE
482,"Trende, otobüste vb rastladığım kimselerle çok defa konuşurum",Multiple choice,Evet,Hayır,TRUE
483,Peygamberimiz göğe çıkma gibi mucizeler göstermiştir,Multiple choice,Evet,Hayır,TRUE
484,Homoseksüelliği çok iğrenç buluyorum,Multiple choice,Evet,Hayır,TRUE
485,Bir erkek bir kadınla beraber olunca genel olarak onun cinsiyetiyle ilgili şeyler düşünür,Multiple choice,Evet,Hayır,TRUE
486,İdrarımda hiç bir zaman kan görmedim,Multiple choice,Evet,Hayır,TRUE
487,Uğraştığım iş yolunda gitmeyince hemen vaz geçerim,Multiple choice,Evet,Hayır,TRUE
488,Sık sık dua ederim,Multiple choice,Evet,Hayır,TRUE
489,"Yaşamı yalnızca üzüntülü, sıkıntılı tarafları ile benimseyen insanlara sempati duyarım",Multiple choice,Evet,Hayır,TRUE
490,Haftada birkaç kere kuran okurum,Multiple choice,Evet,Hayır,TRUE
491,Sadece bir tek dinin doğruluğuna inananlara tahammül edemem,Multiple choice,Evet,Hayır,TRUE
492,Zelzele düşüncesi beni çok korkutur,Multiple choice,Evet,Hayır,TRUE
493,"Tam dikkat isteyen işleri, beni dikkatsizliğe sürükleyen işlere tercih ederim",Multiple choice,Evet,Hayır,TRUE
494,Kapalı ve küçük yerlerde bulunmaktan çok rahatsız olurum,Multiple choice,Evet,Hayır,TRUE
495,Kusurlarını düzeltmeye çalıştığım insanlarla genel olarak gayet açık konuşurum,Multiple choice,Evet,Hayır,TRUE
496,Eşyayı hiçbir zaman çift görmem (Yani tek olan şeyleri çift görmem),Multiple choice,Evet,Hayır,TRUE
497,Macera hikayelerinden hoşlanırım,Multiple choice,Evet,Hayır,TRUE
498,Açık sözlü olmak her zaman iyidir,Multiple choice,Evet,Hayır,TRUE
499,Gerçekten önemsiz olan bir şey üzerinde bazen sebepsiz olarak haddinden fazla üzüldüğüm olur,Multiple choice,Evet,Hayır,TRUE
500,Bana parlak gelen bir fikre hemen kapılır giderim,Multiple choice,Evet,Hayır,TRUE
501,Başkalarından yardım beklemektense genel olarak bir işi kendi başıma yapmayı tercih ederim 13,Multiple choice,Evet,Hayır,TRUE
502,Herhangi bir olay hakkındaki görüşümü başkalarına açıkça belirtmekten hoşlanırım,Multiple choice,Evet,Hayır,TRUE
503,Başkalarının hareketlerin çok beğenip beğenmediğimi pek belli etmem,Multiple choice,Evet,Hayır,TRUE
504,Değersiz gördüğüm ya da acıdığım kimseye bu duygularımı belli etmekten çekinmem,Multiple choice,Evet,Hayır,TRUE
505,Zaman zaman kendimi öyle güçlü ve enerjik hissederim ki böyle zamanlarda günlerce uykuya ihtiyaç duymadığım olur,Multiple choice,Evet,Hayır,TRUE
506,Sinirleri çok gergin bir insanım,Multiple choice,Evet,Hayır,TRUE
507,İşler iyi gidince aslan payını kendilerine alan fakat hata yapılanca bunu başkalarının üzerine atan insanlarla karşılaştım,Multiple choice,Evet,Hayır,TRUE
508,Koku alma duyum herkes kadar iyidir,Multiple choice,Evet,Hayır,TRUE
509,Bazen çekingenliğim yüzünden hakkımı arayamam,Multiple choice,Evet,Hayır,TRUE
510,Pislik ve kir beni ürkütüp iğrendirir,Multiple choice,Evet,Hayır,TRUE
511,Herkesten gizli tuttuğum bir hayal dünyam var,Multiple choice,Evet,Hayır,TRUE
512,Yıkanmaktan hoşlanmam,Multiple choice,Evet,Hayır,TRUE
513,Kış mevsimini severim,Multiple choice,Evet,Hayır,TRUE
514,Erkek gibi davranan kadınlardan hoşlanırım,Multiple choice,Evet,Hayır,TRUE
515,"Evimizde daima gerekli ihtiyaç maddeleri bulunurdu (Yeteri kadar yiyecek, giyecek vb gibi)",Multiple choice,Evet,Hayır,TRUE
516,Ailemde çabuk kızan kimseler var,Multiple choice,Evet,Hayır,TRUE
517,Hiç bir şeyi iyi yapamam,Multiple choice,Evet,Hayır,TRUE
518,Bazı durumlarda olduğumdan daha fazla üzüntülü görünmeye çalıştığım olmuştur,Multiple choice,Evet,Hayır,TRUE
519,Cinsel organlarımda bir bozukluk var,Multiple choice,Evet,Hayır,TRUE
520,Genel olarak görüşlerimi kuvvetle savunurum,Multiple choice,Evet,Hayır,TRUE
521,Bir grup içinde konuşma yapmam ve çok iyi bildiğim bir konuda fikrimi söylemem istenince kaygılanmam,Multiple choice,Evet,Hayır,TRUE
522,Örümcekten korkmam,Multiple choice,Evet,Hayır,TRUE
523,Yüzüm hemen hemen hiç kızarmaz,Multiple choice,Evet,Hayır,TRUE
524,Kapı tokmaklarından hastalık veya mikrop alacağımdan korkmam,Multiple choice,Evet,Hayır,TRUE
525,Bazı hayvanlardan ürkerim,Multiple choice,Evet,Hayır,TRUE
526,Gelecek bana ümitsiz görünüyor,Multiple choice,Evet,Hayır,TRUE
527,Ailem ve yakın akrabalarım birbirleriyle oldukça iyi geçinirler,Multiple choice,Evet,Hayır,TRUE
528,Yüzüm başkalarından daha sik kızarmaz,Multiple choice,Evet,Hayır,TRUE
529,Pahalı elbiseler giymeyi isterim,Multiple choice,Evet,Hayır,TRUE
530,Sebepsiz yere sık sık içim sıkılıyor ve ağlamak istiyorum,Multiple choice,Evet,Hayır,TRUE
531,Bir konu üzerinde karar verdiğimi zannetsem bile başka biri fikrimi kolayca değiştirebilir,Multiple choice,Evet,Hayır,TRUE
532,Acıya başkaları kadar ben de dayanabilirim,Multiple choice,Evet,Hayır,TRUE
533,Sık sık geğirmekten şikayetim yoktur,Multiple choice,Evet,Hayır,TRUE
534,Çoğunlukla başladığım işten en son vazgeçen ben olurum,Multiple choice,Evet,Hayır,TRUE
535,Hemen hemen her zaman ağzımda kuruluk olur,Multiple choice,Evet,Hayır,TRUE
536,Beni acele ettirenlere kızarım,Multiple choice,Evet,Hayır,TRUE
537,Afrika'da aslan avına çıkmak isterdim,Multiple choice,Evet,Hayır,TRUE
538,Terzilikten hoşlanabileceğimi sanıyorum,Multiple choice,Evet,Hayır,TRUE
539,Fareden korkmam,Multiple choice,Evet,Hayır,TRUE
540,Yüzüme hiç felç inmedi,Multiple choice,Evet,Hayır,TRUE
541,Cildime ufak bir şeyin dokunmasından çok huylanırım,Multiple choice,Evet,Hayır,TRUE
542,Şimdiye kadar rengi kapkara büyük abdest yapmadım,Multiple choice,Evet,Hayır,TRUE
543,Haftada birkaç kez korkunç bir şey olacakmış duygusuna kapılırım,Multiple choice,Evet,Hayır,TRUE
544,Çoğu zaman yorgunluk hissederim 14,Multiple choice,Evet,Hayır,TRUE
545,Bazen aynı rüyayı tekrar tekrar görürüm,Multiple choice,Evet,Hayır,TRUE
546,Tarih okumaktan hoşlanırım,Multiple choice,Evet,Hayır,TRUE
547,Toplantı ve kalabalık eğlencelerden hoşlanırım,Multiple choice,Evet,Hayır,TRUE
548,Elimdeyse açık saçık numaraların yapılacağı eğence yerlerine gitmem,Multiple choice,Evet,Hayır,TRUE
549,Karşıma çıkacak güçlüklerden korkak ve kaçarım,Multiple choice,Evet,Hayır,TRUE
550,Kapı mandallarını onarmaktan hoşlanırım,Multiple choice,Evet,Hayır,TRUE
551,Bazen başkalarının kafamın içindekilerindi okuduğundan eminim,Multiple choice,Evet,Hayır,TRUE
552,Bilimsel yayınları okumaktan hoşlanırım,Multiple choice,Evet,Hayır,TRUE
553,Açık yerlerde veya geniş meydanlarda tek başıma kalmaktan korkarım,Multiple choice,Evet,Hayır,TRUE
554,Sıkıntım oldukça alkol alırım,Multiple choice,Evet,Hayır,TRUE
555,Bazen çıldıracakmış gibi olurum,Multiple choice,Evet,Hayır,TRUE
556,Kılık kıyafetime çok itina ederim,Multiple choice,Evet,Hayır,TRUE
557,Hayatı fazla ciddiye almıyorum,Multiple choice,Evet,Hayır,TRUE
558,Birçok kimseler kötü cinsel faaliyetlerinden dolayı suçludurlar,Multiple choice,Evet,Hayır,TRUE
559,Gece yarısı çoğunlukla korkuya kapıldığım olur,Multiple choice,Evet,Hayır,TRUE
560,Bir şeyi nereye koyduğumu unutmaktan çok şikayetçiyimdir,Multiple choice,Evet,Hayır,TRUE
561,Ailem benim için büyük bir dayanaktır,Multiple choice,Evet,Hayır,TRUE
562,Çocukken en fazla bağlandığım ve hayran kaldığım kimse bir kadındı,Multiple choice,Evet,Hayır,TRUE
563,Macera hikayelerini aşk hikayelerinden daha çok severim,Multiple choice,Evet,Hayır,TRUE
564,Yapmak istediğim fakat başkalarının beğenmediği bir işten kolayca vazgeçerim,Multiple choice,Evet,Hayır,TRUE
565,Yüksek bir yerde iken içimden atlama isteği gelir,Multiple choice,Evet,Hayır,TRUE
566,Sinemalardaki aşk sahnelerini severim,Multiple choice,Evet,Hayır,TRUE
